"bread_2006_kg","bread_2018_kg","milk_2006_liters","milk_2018_liters"
309272.058823529412,364977.859778597786,398556.538218572331,420710.336027222459
